,Sample #,MLII,Time,Type
0,161,1318,0:00.447,0
1,518,1321,0:01.439,0
2,850,1351,0:02.361,0
3,1211,1343,0:03.364,0
4,1629,1283,0:04.525,0
5,1977,1341,0:05.492,0
6,2327,1336,0:06.464,0
7,2699,1340,0:07.497,0
8,3065,1344,0:08.514,0
9,3406,1332,0:09.461,0
10,3737,1318,0:10.381,0
11,4114,1344,0:11.428,0
12,4488,1353,0:12.467,0
13,4823,1343,0:13.397,0
14,5179,1304,0:14.386,0
15,5519,1275,0:15.331,0
16,5845,1291,0:16.236,0
17,6161,1294,0:17.114,0
18,6497,1284,0:18.047,0
19,6857,1293,0:19.047,0
20,7180,1309,0:19.944,0
21,7496,1381,0:20.822,0
22,7836,1305,0:21.767,0
23,8185,1307,0:22.736,0
24,8518,1311,0:23.661,0
25,8830,1331,0:24.528,0
26,9164,1354,0:25.456,0
27,9498,1307,0:26.383,0
28,9841,1270,0:27.336,0
29,10158,1290,0:28.217,0
30,10492,1310,0:29.144,0
31,10828,1264,0:30.078,0
32,11158,1266,0:30.994,0
33,11473,1275,0:31.869,0
34,11790,1331,0:32.750,0
35,12113,1343,0:33.647,0
36,12429,1324,0:34.525,0
37,12735,1285,0:35.375,0
38,13087,1305,0:36.353,0
39,13423,1366,0:37.286,0
40,13734,1348,0:38.150,0
41,14088,1290,0:39.133,0
42,14470,1244,0:40.194,0
43,14809,1273,0:41.136,0
44,15190,1219,0:42.194,0
45,15600,1224,0:43.333,0
46,15964,1239,0:44.344,0
47,16318,1307,0:45.328,0
48,16695,1314,0:46.375,0
49,17071,1354,0:47.419,0
50,17426,1378,0:48.406,0
51,17787,1317,0:49.408,0
52,18163,1295,0:50.453,0
53,18518,1273,0:51.439,0
54,18864,1301,0:52.400,0
55,19216,1273,0:53.378,0
56,19568,1267,0:54.356,0
57,19882,1210,0:55.228,0
58,20203,1201,0:56.119,0
59,20539,1241,0:57.053,0
60,20875,1265,0:57.986,0
61,21175,1268,0:58.819,0
62,21488,1292,0:59.689,0
63,21832,1257,1:00.644,0
64,22169,1291,1:01.581,0
65,22519,1288,1:02.553,0
66,22878,1234,1:03.550,0
67,23219,1240,1:04.497,0
68,23541,1266,1:05.392,0
69,23872,1279,1:06.311,0
70,24236,1277,1:07.322,0
71,24565,1280,1:08.236,0
72,24917,1308,1:09.214,0
73,25285,1282,1:10.236,0
74,25659,1294,1:11.275,0
75,26012,1340,1:12.256,0
76,26374,1443,1:13.261,0
77,26733,1385,1:14.258,0
78,27069,1321,1:15.192,0
79,27383,1289,1:16.064,0
80,27709,1265,1:16.969,0
81,28036,1240,1:17.878,0
82,28355,1234,1:18.764,0
83,28665,1252,1:19.625,0
84,28986,1238,1:20.517,0
85,29353,1283,1:21.536,0
86,29673,1283,1:22.425,0
87,30003,1303,1:23.342,0
88,30353,1303,1:24.314,0
89,30694,1302,1:25.261,0
90,31030,1321,1:26.194,0
91,31381,1323,1:27.169,0
92,31766,1307,1:28.239,0
93,32109,1340,1:29.192,0
94,32451,1346,1:30.142,0
95,32797,1338,1:31.103,0
96,33145,1333,1:32.069,0
97,33471,1326,1:32.975,0
98,33811,1397,1:33.919,0
99,34161,1419,1:34.892,0
100,34510,1338,1:35.861,0
101,34828,1282,1:36.744,0
102,35197,1242,1:37.769,0
103,35542,1234,1:38.728,0
104,35866,1255,1:39.628,0
105,36233,1226,1:40.647,0
106,36608,1252,1:41.689,0
107,36924,1301,1:42.567,0
108,37251,1273,1:43.475,0
109,37633,1264,1:44.536,0
110,38010,1265,1:45.583,0
111,38334,1263,1:46.483,0
112,38702,1253,1:47.506,0
113,39097,1241,1:48.603,0
114,39435,1279,1:49.542,0
115,39773,1281,1:50.481,0
116,40136,1299,1:51.489,0
117,40502,1353,1:52.506,0
118,40822,1359,1:53.394,0
119,41156,1326,1:54.322,0
120,41514,1279,1:55.317,0
121,41843,1227,1:56.231,0
122,42146,1233,1:57.072,0
123,42464,1239,1:57.956,0
124,42808,1230,1:58.911,0
125,43133,1282,1:59.814,0
126,43452,1295,2:00.700,0
127,43800,1234,2:01.667,0
128,44155,1181,2:02.653,0
129,44477,1204,2:03.547,0
130,44821,1171,2:04.503,0
131,45189,1168,2:05.525,0
132,45524,1270,2:06.456,0
133,45860,1295,2:07.389,0
134,46244,1353,2:08.456,0
135,46607,1328,2:09.464,0
136,46924,1344,2:10.344,0
137,47235,1298,2:11.208,0
138,47565,1306,2:12.125,0
139,47877,1339,2:12.992,0
140,48192,1332,2:13.867,0
141,48522,1309,2:14.783,0
142,48860,1309,2:15.722,0
143,49190,1302,2:16.639,0
144,49538,1337,2:17.606,0
145,49892,1329,2:18.589,0
146,50223,1317,2:19.508,0
147,50545,1354,2:20.403,0
148,50915,1403,2:21.431,0
149,51272,1364,2:22.422,0
150,51600,1346,2:23.333,0
151,51945,1271,2:24.292,0
152,52314,1290,2:25.317,0
153,52642,1348,2:26.228,0
154,52953,1386,2:27.092,0
155,53284,1356,2:28.011,0
156,53612,1377,2:28.922,0
157,53913,1352,2:29.758,0
158,54223,1354,2:30.619,0
159,54557,1365,2:31.547,0
160,54885,1353,2:32.458,0
161,55196,1391,2:33.322,0
162,55526,1391,2:34.239,0
163,55925,1371,2:35.347,0
164,56279,1352,2:36.331,0
165,56613,1356,2:37.258,0
166,56983,1319,2:38.286,0
167,57330,1346,2:39.250,0
168,57638,1365,2:40.106,0
169,57981,1341,2:41.058,0
170,58380,1407,2:42.167,0
171,58725,1341,2:43.125,0
172,59066,1318,2:44.072,0
173,59429,1334,2:45.081,0
174,59782,1354,2:46.061,0
175,60091,1316,2:46.919,0
176,60429,1342,2:47.858,0
177,60777,1295,2:48.825,0
178,61124,1337,2:49.789,0
179,61439,1357,2:50.664,0
180,61773,1350,2:51.592,0
181,62143,1344,2:52.619,0
182,62476,1316,2:53.544,0
183,62779,1326,2:54.386,0
184,63133,1318,2:55.369,0
185,63514,1429,2:56.428,0
186,63846,1407,2:57.350,0
187,64188,1368,2:58.300,0
188,64566,1311,2:59.350,0
189,64925,1335,3:00.347,0
190,65238,1354,3:01.217,0
191,65548,1367,3:02.078,0
192,65863,1344,3:02.953,0
193,66178,1324,3:03.828,0
194,66476,1294,3:04.656,0
195,66793,1326,3:05.536,0
196,67139,1347,3:06.497,0
197,67465,1358,3:07.403,0
198,67800,1370,3:08.333,0
199,68231,1329,3:09.531,0
200,68602,1361,3:10.561,0
201,68974,1328,3:11.594,0
202,69355,1295,3:12.653,0
203,69737,1330,3:13.714,0
204,70095,1372,3:14.708,0
205,70470,1325,3:15.750,0
206,70840,1325,3:16.778,0
207,71194,1355,3:17.761,0
208,71568,1376,3:18.800,0
209,71938,1374,3:19.828,0
210,72307,1366,3:20.853,0
211,72658,1384,3:21.828,0
212,73016,1363,3:22.822,0
213,73380,1335,3:23.833,0
214,73725,1344,3:24.792,0
215,74078,1354,3:25.772,0
216,74435,1309,3:26.764,0
217,74798,1317,3:27.772,0
218,75132,1308,3:28.700,0
219,75469,1355,3:29.636,0
220,75833,1332,3:30.647,0
221,76194,1319,3:31.650,0
222,76526,1320,3:32.572,0
223,76866,1329,3:33.517,0
224,77234,1363,3:34.539,0
225,77588,1321,3:35.522,0
226,77911,1338,3:36.419,0
227,78233,1342,3:37.314,0
228,78563,1318,3:38.231,0
229,78875,1352,3:39.097,0
230,79191,1354,3:39.975,0
231,79505,1318,3:40.847,0
232,79829,1336,3:41.747,0
233,80144,1342,3:42.622,0
234,80486,1381,3:43.572,0
235,80843,1364,3:44.564,0
236,81196,1330,3:45.544,0
237,81517,1402,3:46.436,0
238,81853,1380,3:47.369,0
239,82172,1279,3:48.256,0
240,82477,1304,3:49.103,0
241,82793,1294,3:49.981,0
242,83110,1299,3:50.861,0
243,83407,1275,3:51.686,0
244,83706,1279,3:52.517,0
245,84022,1296,3:53.394,0
246,84322,1279,3:54.228,0
247,84612,1297,3:55.033,0
248,84913,1353,3:55.869,0
249,85225,1366,3:56.736,0
250,85532,1328,3:57.589,0
251,85875,1369,3:58.542,0
252,86234,1357,3:59.539,0
253,86580,1379,4:00.500,0
254,86957,1330,4:01.547,0
255,87319,1308,4:02.553,0
256,87654,1326,4:03.483,0
257,88006,1353,4:04.461,0
258,88332,1334,4:05.367,0
259,88637,1335,4:06.214,0
260,88936,1338,4:07.044,0
261,89257,1359,4:07.936,0
262,89614,1373,4:08.928,0
263,89959,1357,4:09.886,0
264,90305,1399,4:10.847,0
265,90699,1357,4:11.942,0
266,91100,1349,4:13.056,0
267,91466,1366,4:14.072,0
268,91835,1365,4:15.097,0
269,92216,1362,4:16.156,0
270,92571,1332,4:17.142,0
271,92895,1357,4:18.042,0
272,93259,1342,4:19.053,0
273,93633,1372,4:20.092,0
274,93973,1382,4:21.036,0
275,94290,1354,4:21.917,0
276,94652,1376,4:22.922,0
277,95011,1351,4:23.919,0
278,95331,1315,4:24.808,0
279,95664,1391,4:25.733,0
280,96011,1359,4:26.697,0
281,96334,1359,4:27.594,0
282,96639,1370,4:28.442,0
283,96980,1372,4:29.389,0
284,97349,1360,4:30.414,0
285,97678,1347,4:31.328,0
286,98038,1336,4:32.328,0
287,98412,1337,4:33.367,0
288,98728,1348,4:34.244,0
289,99038,1364,4:35.106,0
290,99373,1427,4:36.036,0
291,99701,1416,4:36.947,0
292,100009,1340,4:37.803,0
293,100328,1337,4:38.689,0
294,100663,1287,4:39.619,0
295,100987,1283,4:40.519,0
296,101337,1294,4:41.492,0
297,101731,1314,4:42.586,0
298,102086,1306,4:43.572,0
299,102417,1335,4:44.492,0
300,102775,1370,4:45.486,0
301,103155,1328,4:46.542,0
302,103500,1368,4:47.500,0
303,103839,1315,4:48.442,0
304,104197,1311,4:49.436,0
305,104532,1338,4:50.367,0
306,104849,1343,4:51.247,0
307,105189,1400,4:52.192,0
308,105573,1410,4:53.258,0
309,105956,1359,4:54.322,0
310,106306,1344,4:55.294,0
311,106649,1300,4:56.247,0
312,106987,1279,4:57.186,0
313,107300,1284,4:58.056,0
314,107617,1308,4:58.936,0
315,107925,1318,4:59.792,0
316,108261,1316,5:00.725,0
317,108589,1353,5:01.636,0
318,108921,1371,5:02.558,0
319,109284,1368,5:03.567,0
320,109654,1361,5:04.594,0
321,109991,1386,5:05.531,0
322,110354,1335,5:06.539,0
323,110741,1319,5:07.614,0
324,111111,1352,5:08.642,0
325,111444,1375,5:09.567,0
326,111799,1404,5:10.553,0
327,112186,1416,5:11.628,0
328,112536,1378,5:12.600,0
329,112860,1408,5:13.500,0
330,113200,1407,5:14.444,0
331,113555,1396,5:15.431,0
332,113882,1379,5:16.339,0
333,114202,1371,5:17.228,0
334,114543,1409,5:18.175,0
335,114878,1397,5:19.106,0
336,115198,1402,5:19.994,0
337,115532,1379,5:20.922,0
338,115872,1327,5:21.867,0
339,116198,1330,5:22.772,0
340,116526,1295,5:23.683,0
341,116889,1316,5:24.692,0
342,117261,1330,5:25.725,0
343,117587,1351,5:26.631,0
344,117926,1366,5:27.572,0
345,118310,1389,5:28.639,0
346,118637,1386,5:29.547,0
347,118966,1419,5:30.461,0
348,119308,1426,5:31.411,0
349,119661,1403,5:32.392,0
350,119982,1393,5:33.283,0
351,120313,1390,5:34.203,0
352,120660,1415,5:35.167,0
353,121018,1385,5:36.161,0
354,121334,1373,5:37.039,0
355,121683,1371,5:38.008,0
356,122040,1402,5:39.000,0
357,122359,1393,5:39.886,0
358,122666,1379,5:40.739,0
359,123001,1367,5:41.669,0
360,123354,1388,5:42.650,0
361,123673,1343,5:43.536,0
362,123995,1386,5:44.431,0
363,124379,1382,5:45.497,0
364,124754,1350,5:46.539,0
365,125082,1358,5:47.450,0
366,125423,1338,5:48.397,0
367,125765,1354,5:49.347,0
368,126096,1304,5:50.267,0
369,126397,1337,5:51.103,0
370,126732,1356,5:52.033,0
371,127129,1362,5:53.136,0
372,127471,1346,5:54.086,0
373,127788,1374,5:54.967,0
374,128135,1351,5:55.931,0
375,128501,1324,5:56.947,0
376,128815,1367,5:57.819,0
377,129132,1367,5:58.700,0
378,129480,1392,5:59.667,0
379,129821,1300,6:00.614,0
380,130128,1315,6:01.467,0
381,130447,1294,6:02.353,0
382,130792,1238,6:03.311,0
383,131112,1298,6:04.200,0
384,131414,1288,6:05.039,0
385,131738,1297,6:05.939,0
386,132082,1297,6:06.894,0
387,132406,1286,6:07.794,0
388,132713,1313,6:08.647,0
389,133044,1306,6:09.567,0
390,133418,1290,6:10.606,0
391,133778,1301,6:11.606,0
392,134105,1323,6:12.514,0
393,134491,1334,6:13.586,0
394,134860,1308,6:14.611,0
395,135189,1310,6:15.525,0
396,135529,1317,6:16.469,0
397,135898,1368,6:17.494,0
398,136227,1349,6:18.408,0
399,136527,1332,6:19.242,0
400,136855,1360,6:20.153,0
401,137211,1350,6:21.142,0
402,137528,1331,6:22.022,0
403,137841,1365,6:22.892,0
404,138201,1337,6:23.892,0
405,138583,1329,6:24.953,0
406,138913,1318,6:25.869,0
407,139260,1336,6:26.833,0
408,139660,1316,6:27.944,0
409,140004,1315,6:28.900,0
410,140317,1332,6:29.769,0
411,140672,1351,6:30.756,0
412,141056,1358,6:31.822,0
413,141390,1377,6:32.750,0
414,141694,1348,6:33.594,0
415,142048,1375,6:34.578,0
416,142416,1358,6:35.600,0
417,142773,1338,6:36.592,0
418,143111,1357,6:37.531,0
419,143482,1373,6:38.561,0
420,143880,1349,6:39.667,0
421,144233,1393,6:40.647,0
422,144555,1398,6:41.542,0
423,144914,1376,6:42.539,0
424,145260,1357,6:43.500,0
425,145578,1325,6:44.383,0
426,145887,1312,6:45.242,0
427,146223,1283,6:46.175,0
428,146568,1296,6:47.133,0
429,146883,1280,6:48.008,0
430,147206,1331,6:48.906,0
431,147560,1350,6:49.889,0
432,147938,1385,6:50.939,0
433,148277,1354,6:51.881,0
434,148650,1337,6:52.917,0
435,149034,1358,6:53.983,0
436,149366,1299,6:54.906,0
437,149680,1310,6:55.778,0
438,150003,1381,6:56.675,0
439,150331,1323,6:57.586,0
440,150637,1326,6:58.436,0
441,150954,1392,6:59.317,0
442,151287,1361,7:00.242,0
443,151630,1393,7:01.194,0
444,151938,1387,7:02.050,0
445,152250,1363,7:02.917,0
446,152583,1334,7:03.842,0
447,152921,1344,7:04.781,0
448,153225,1339,7:05.625,0
449,153563,1344,7:06.564,0
450,153936,1344,7:07.600,0
451,154295,1318,7:08.597,0
452,154626,1351,7:09.517,0
453,154964,1355,7:10.456,0
454,155297,1346,7:11.381,0
455,155606,1282,7:12.239,0
456,155907,1312,7:13.075,0
457,156235,1306,7:13.986,0
458,156590,1362,7:14.972,0
459,156910,1342,7:15.861,0
460,157215,1373,7:16.708,0
461,157542,1375,7:17.617,0
462,157852,1366,7:18.478,0
463,158147,1348,7:19.297,0
464,158448,1350,7:20.133,0
465,158800,1308,7:21.111,0
466,159150,1337,7:22.083,0
467,159473,1331,7:22.981,0
468,159865,1388,7:24.069,0
469,160257,1340,7:25.158,0
470,160588,1410,7:26.078,0
471,160927,1366,7:27.019,0
472,161285,1347,7:28.014,0
473,161618,1340,7:28.939,0
474,161934,1371,7:29.817,0
475,162252,1346,7:30.700,0
476,162589,1356,7:31.636,0
477,162917,1352,7:32.547,0
478,163218,1347,7:33.383,0
479,163523,1335,7:34.231,0
480,163857,1351,7:35.158,0
481,164168,1381,7:36.022,0
482,164480,1358,7:36.889,0
483,164810,1394,7:37.806,0
484,165183,1374,7:38.842,0
485,165538,1376,7:39.828,0
486,165853,1354,7:40.703,0
487,166175,1326,7:41.597,0
488,166508,1361,7:42.522,0
489,166824,1355,7:43.400,0
490,167128,1328,7:44.244,0
491,167423,1361,7:45.064,0
492,167713,1314,7:45.869,0
493,168013,1350,7:46.703,0
494,168321,1366,7:47.558,0
495,168624,1320,7:48.400,0
496,168933,1337,7:49.258,0
497,169235,1342,7:50.097,0
498,169678,1366,7:51.328,0
499,170095,1346,7:52.486,0
500,170460,1306,7:53.500,0
501,170826,1354,7:54.517,0
502,171200,1324,7:55.556,0
503,171579,1304,7:56.608,0
504,171938,1352,7:57.606,0
505,172315,1361,7:58.653,0
506,172689,1354,7:59.692,0
507,173054,1365,8:00.706,0
508,173410,1367,8:01.694,0
509,173774,1361,8:02.706,0
510,174130,1294,8:03.694,0
511,174452,1328,8:04.589,0
512,174789,1350,8:05.525,0
513,175174,1335,8:06.594,0
514,175526,1330,8:07.572,0
515,175854,1355,8:08.483,0
516,176223,1308,8:09.508,0
517,176592,1347,8:10.533,0
518,176917,1308,8:11.436,0
519,177240,1354,8:12.333,0
520,177590,1344,8:13.306,0
521,177944,1358,8:14.289,0
522,178290,1350,8:15.250,0
523,178605,1351,8:16.125,0
524,178957,1357,8:17.103,0
525,179328,1348,8:18.133,0
526,179707,1336,8:19.186,0
527,180031,1351,8:20.086,0
528,180354,1348,8:20.983,0
529,180689,1380,8:21.914,0
530,181026,1393,8:22.850,0
531,181330,1352,8:23.694,0
532,181645,1383,8:24.569,0
533,181994,1358,8:25.539,0
534,182350,1310,8:26.528,0
535,182669,1270,8:27.414,0
536,183005,1314,8:28.347,0
537,183378,1285,8:29.383,0
538,183733,1320,8:30.369,0
539,184041,1318,8:31.225,0
540,184383,1303,8:32.175,0
541,184760,1346,8:33.222,0
542,185096,1348,8:34.156,0
543,185413,1387,8:35.036,0
544,185748,1329,8:35.967,0
545,186081,1340,8:36.892,0
546,186387,1340,8:37.742,0
547,186701,1370,8:38.614,0
548,187029,1372,8:39.525,0
549,187350,1385,8:40.417,0
550,187661,1394,8:41.281,0
551,187987,1369,8:42.186,0
552,188336,1392,8:43.156,0
553,188685,1386,8:44.125,0
554,189007,1401,8:45.019,0
555,189359,1359,8:45.997,0
556,189762,1361,8:47.117,0
557,190121,1368,8:48.114,0
558,190472,1376,8:49.089,0
559,190823,1332,8:50.064,0
560,191167,1345,8:51.019,0
561,191483,1353,8:51.897,0
562,191819,1369,8:52.831,0
563,192173,1331,8:53.814,0
564,192506,1310,8:54.739,0
565,192834,1337,8:55.650,0
566,193164,1354,8:56.567,0
567,193523,1373,8:57.564,0
568,193865,1415,8:58.514,0
569,194216,1415,8:59.489,0
570,194572,1420,9:00.478,0
571,194915,1309,9:01.431,0
572,195241,1368,9:02.336,0
573,195579,1379,9:03.275,0
574,195912,1323,9:04.200,0
575,196239,1301,9:05.108,0
576,196555,1340,9:05.986,0
577,196873,1370,9:06.869,0
578,197208,1384,9:07.800,0
579,197534,1353,9:08.706,0
580,197848,1367,9:09.578,0
581,198184,1327,9:10.511,0
582,198531,1338,9:11.475,0
583,198889,1337,9:12.469,0
584,199214,1321,9:13.372,0
585,199556,1315,9:14.322,0
586,199923,1345,9:15.342,0
587,200256,1349,9:16.267,0
588,200578,1373,9:17.161,0
589,200908,1380,9:18.078,0
590,201223,1350,9:18.953,0
591,201539,1376,9:19.831,0
592,201874,1383,9:20.761,0
593,202232,1358,9:21.756,0
594,202569,1386,9:22.692,0
595,202909,1365,9:23.636,0
596,203287,1431,9:24.686,0
597,203626,1419,9:25.628,0
598,203944,1377,9:26.511,0
599,204282,1333,9:27.450,0
600,204628,1297,9:28.411,0
601,204963,1281,9:29.342,0
602,205286,1262,9:30.239,0
603,205635,1306,9:31.208,0
604,205986,1276,9:32.183,0
605,206296,1299,9:33.044,0
606,206625,1300,9:33.958,0
607,206960,1336,9:34.889,0
608,207279,1314,9:35.775,0
609,207588,1335,9:36.633,0
610,207918,1314,9:37.550,0
611,208291,1313,9:38.586,0
612,208619,1317,9:39.497,0
613,208927,1358,9:40.353,0
614,209299,1402,9:41.386,0
615,209676,1371,9:42.433,0
616,210004,1327,9:43.344,0
617,210323,1335,9:44.231,0
618,210675,1341,9:45.208,0
619,211020,1353,9:46.167,0
620,211333,1319,9:47.036,0
621,211655,1325,9:47.931,0
622,211990,1297,9:48.861,0
623,212311,1270,9:49.753,0
624,212612,1284,9:50.589,0
625,212921,1249,9:51.447,0
626,213256,1325,9:52.378,0
627,213584,1321,9:53.289,0
628,213882,1333,9:54.117,0
629,214201,1340,9:55.003,0
630,214550,1299,9:55.972,0
631,214869,1270,9:56.858,0
632,215169,1298,9:57.692,0
633,215481,1311,9:58.558,0
634,215808,1377,9:59.467,0
635,216120,1327,0:00.333,0
636,216418,1398,0:01.161,0
637,216722,1389,0:02.006,0
638,217090,1385,0:03.028,0
639,217413,1366,0:03.925,0
640,217714,1369,0:04.761,0
641,218040,1362,0:05.667,0
642,218373,1372,0:06.592,0
643,218691,1419,0:07.475,0
644,218989,1389,0:08.303,0
645,219308,1359,0:09.189,0
646,219671,1314,0:10.197,0
647,220007,1313,0:11.131,0
648,220311,1297,0:11.975,0
649,220631,1337,0:12.864,0
650,220977,1333,0:13.825,0
651,221289,1277,0:14.692,0
652,221590,1330,0:15.528,0
653,221930,1307,0:16.472,0
654,222294,1364,0:17.483,0
655,222610,1349,0:18.361,0
656,222911,1313,0:19.197,0
657,223231,1406,0:20.086,0
658,223614,1427,0:21.150,0
659,223952,1381,0:22.089,0
660,224300,1347,0:23.056,0
661,224683,1338,0:24.119,0
662,225032,1334,0:25.089,0
663,225337,1295,0:25.936,0
664,225683,1354,0:26.897,0
665,226038,1358,0:27.883,0
666,226366,1309,0:28.794,0
667,226676,1343,0:29.656,0
668,227001,1375,0:30.558,0
669,227358,1300,0:31.550,0
670,227677,1305,0:32.436,0
671,227983,1290,0:33.286,0
672,228303,1350,0:34.175,0
673,228615,1355,0:35.042,0
674,228922,1308,0:35.894,0
675,229231,1321,0:36.753,0
676,229565,1329,0:37.681,0
677,229881,1302,0:38.558,0
678,230196,1319,0:39.433,0
679,230498,1357,0:40.272,0
680,230791,1348,0:41.086,0
681,231083,1361,0:41.897,0
682,231409,1338,0:42.803,0
683,231739,1363,0:43.719,0
684,232040,1384,0:44.556,0
685,232344,1366,0:45.400,0
686,232681,1318,0:46.336,0
687,232998,1307,0:47.217,0
688,233300,1341,0:48.056,0
689,233623,1379,0:48.953,0
690,233973,1412,0:49.925,0
691,234300,1277,0:50.833,0
692,234604,1304,0:51.678,0
693,234934,1303,0:52.594,0
694,235302,1313,0:53.617,0
695,235632,1300,0:54.533,0
696,235938,1334,0:55.383,0
697,236293,1372,0:56.369,0
698,236662,1352,0:57.394,0
699,236991,1330,0:58.308,0
700,237300,1329,0:59.167,0
701,237655,1334,1:00.153,0
702,238001,1394,1:01.114,0
703,238310,1379,1:01.972,0
704,238632,1357,1:02.867,0
705,238983,1317,1:03.842,0
706,239321,1341,1:04.781,0
707,239629,1347,1:05.636,0
708,239953,1328,1:06.536,0
709,240309,1293,1:07.525,0
710,240629,1263,1:08.414,0
711,240933,1320,1:09.258,0
712,241261,1320,1:10.169,0
713,241609,1368,1:11.136,0
714,241934,1315,1:12.039,0
715,242236,1303,1:12.878,0
716,242549,1349,1:13.747,0
717,242910,1313,1:14.750,0
718,243235,1273,1:15.653,0
719,243541,1352,1:16.503,0
720,243874,1311,1:17.428,0
721,244203,1306,1:18.342,0
722,244513,1263,1:19.203,0
723,244809,1295,1:20.025,0
724,245125,1303,1:20.903,0
725,245470,1315,1:21.861,0
726,245784,1351,1:22.733,0
727,246076,1351,1:23.544,0
728,246395,1367,1:24.431,0
729,246706,1357,1:25.294,0
730,247017,1363,1:26.158,0
731,247304,1319,1:26.956,0
732,247616,1389,1:27.822,0
733,247940,1375,1:28.722,0
734,248247,1346,1:29.575,0
735,248544,1289,1:30.400,0
736,248865,1327,1:31.292,0
737,249209,1318,1:32.247,0
738,249528,1282,1:33.133,0
739,249835,1318,1:33.986,0
740,250177,1313,1:34.936,0
741,250540,1296,1:35.944,0
742,250863,1338,1:36.842,0
743,251199,1349,1:37.775,0
744,251539,1375,1:38.719,0
745,251880,1360,1:39.667,0
746,252197,1311,1:40.547,0
747,252511,1331,1:41.419,0
748,252866,1344,1:42.406,0
749,253227,1352,1:43.408,0
750,253542,1310,1:44.283,0
751,253911,1354,1:45.308,0
752,254292,1349,1:46.367,0
753,254627,1337,1:47.297,0
754,254946,1304,1:48.183,0
755,255270,1356,1:49.083,0
756,255625,1397,1:50.069,0
757,255940,1389,1:50.944,0
758,256273,1342,1:51.869,0
759,256679,1356,1:52.997,0
760,257065,1416,1:54.069,0
761,257401,1350,1:55.003,0
762,257742,1327,1:55.950,0
763,258109,1330,1:56.969,0
764,258428,1274,1:57.856,0
765,258734,1312,1:58.706,0
766,259048,1348,1:59.578,0
767,259366,1350,2:00.461,0
768,259679,1385,2:01.331,0
769,260004,1331,2:02.233,0
770,260335,1368,2:03.153,0
771,260663,1329,2:04.064,0
772,260989,1358,2:04.969,0
773,261337,1386,2:05.936,0
774,261730,1445,2:07.028,0
775,262080,1379,2:08.000,0
776,262416,1299,2:08.933,0
777,262741,1283,2:09.836,0
778,263055,1306,2:10.708,0
779,263367,1326,2:11.575,0
780,263683,1334,2:12.453,0
781,263992,1358,2:13.311,0
782,264306,1351,2:14.183,0
783,264603,1336,2:15.008,0
784,264915,1379,2:15.875,0
785,265244,1368,2:16.789,0
786,265563,1347,2:17.675,0
787,265872,1360,2:18.533,0
788,266187,1368,2:19.408,0
789,266493,1326,2:20.258,0
790,266788,1333,2:21.078,0
791,267081,1330,2:21.892,0
792,267402,1364,2:22.783,0
793,267752,1346,2:23.756,0
794,268066,1305,2:24.628,0
795,268416,1382,2:25.600,0
796,268843,1368,2:26.786,0
797,269203,1358,2:27.786,0
798,269554,1376,2:28.761,0
799,269923,1368,2:29.786,0
800,270277,1371,2:30.769,0
801,270594,1395,2:31.650,0
802,270928,1396,2:32.578,0
803,271292,1377,2:33.589,0
804,271624,1355,2:34.511,0
805,271930,1316,2:35.361,0
806,272275,1315,2:36.319,0
807,272664,1280,2:37.400,0
808,273015,1266,2:38.375,0
809,273334,1254,2:39.261,0
810,273683,1304,2:40.231,0
811,274052,1339,2:41.256,0
812,274386,1318,2:42.183,0
813,274707,1304,2:43.075,0
814,275048,1358,2:44.022,0
815,275419,1381,2:45.053,0
816,275746,1319,2:45.961,0
817,276066,1291,2:46.850,0
818,276414,1323,2:47.817,0
819,276762,1324,2:48.783,0
820,277072,1255,2:49.644,0
821,277410,1276,2:50.583,0
822,277771,1347,2:51.586,0
823,278112,1341,2:52.533,0
824,278427,1337,2:53.408,0
825,278759,1346,2:54.331,0
826,279107,1345,2:55.297,0
827,279411,1298,2:56.142,0
828,279704,1346,2:56.956,0
829,280005,1337,2:57.792,0
830,280322,1352,2:58.672,0
831,280621,1313,2:59.503,0
832,280911,1278,3:00.308,0
833,281224,1323,3:01.178,0
834,281559,1330,3:02.108,0
835,281864,1292,3:02.956,0
836,282153,1287,3:03.758,0
837,282470,1307,3:04.639,0
838,282805,1312,3:05.569,0
839,283120,1313,3:06.444,0
840,283418,1340,3:07.272,0
841,283748,1337,3:08.189,0
842,284126,1350,3:09.239,0
843,284443,1355,3:10.119,0
844,284770,1377,3:11.028,0
845,285105,1340,3:11.958,0
846,285427,1357,3:12.853,0
847,285730,1330,3:13.694,0
848,286042,1365,3:14.561,0
849,286360,1350,3:15.444,0
850,286677,1365,3:16.325,0
851,286979,1386,3:17.164,0
852,287280,1363,3:18.000,0
853,287623,1319,3:18.953,0
854,287945,1298,3:19.847,0
855,288256,1294,3:20.711,0
856,288575,1363,3:21.597,0
857,288906,1344,3:22.517,0
858,289230,1307,3:23.417,0
859,289534,1317,3:24.261,0
860,289898,1360,3:25.272,0
861,290292,1348,3:26.367,0
862,290649,1341,3:27.358,0
863,290998,1313,3:28.328,0
864,291349,1319,3:29.303,0
865,291706,1347,3:30.294,0
866,292022,1352,3:31.172,0
867,292347,1389,3:32.075,0
868,292701,1391,3:33.058,0
869,293058,1337,3:34.050,0
870,293388,1336,3:34.967,0
871,293739,1327,3:35.942,0
872,294121,1343,3:37.003,0
873,294474,1335,3:37.983,0
874,294793,1367,3:38.869,0
875,295142,1400,3:39.839,0
876,295495,1348,3:40.819,0
877,295835,1263,3:41.764,0
878,296144,1291,3:42.622,0
879,296461,1335,3:43.503,0
880,296813,1372,3:44.481,0
881,297133,1330,3:45.369,0
882,297434,1312,3:46.206,0
883,297757,1293,3:47.103,0
884,298110,1328,3:48.083,0
885,298462,1340,3:49.061,0
886,298776,1339,3:49.933,0
887,299115,1376,3:50.875,0
888,299466,1373,3:51.850,0
889,299780,1386,3:52.722,0
890,300088,1376,3:53.578,0
891,300411,1375,3:54.475,0
892,300744,1354,3:55.400,0
893,301062,1358,3:56.283,0
894,301378,1364,3:57.161,0
895,301708,1372,3:58.078,0
896,302053,1406,3:59.036,0
897,302367,1349,3:59.908,0
898,302692,1333,4:00.811,0
899,303090,1303,4:01.917,0
900,303469,1334,4:02.969,0
901,303805,1326,4:03.903,0
902,304137,1332,4:04.825,0
903,304474,1338,4:05.761,0
904,304807,1321,4:06.686,0
905,305110,1348,4:07.528,0
906,305452,1381,4:08.478,0
907,305810,1341,4:09.472,0
908,306159,1331,4:10.442,0
909,306469,1347,4:11.303,0
910,306791,1355,4:12.197,0
911,307136,1364,4:13.156,0
912,307491,1393,4:14.142,0
913,307800,1389,4:15.000,0
914,308124,1340,4:15.900,0
915,308458,1333,4:16.828,0
916,308799,1376,4:17.775,0
917,309108,1372,4:18.633,0
918,309418,1375,4:19.494,0
919,309762,1403,4:20.450,0
920,310089,1377,4:21.358,0
921,310387,1323,4:22.186,0
922,310710,1305,4:23.083,0
923,311043,1296,4:24.008,0
924,311367,1311,4:24.908,0
925,311669,1316,4:25.747,0
926,311970,1355,4:26.583,0
927,312280,1330,4:27.444,0
928,312596,1329,4:28.322,0
929,312887,1334,4:29.131,0
930,313187,1331,4:29.964,0
931,313513,1331,4:30.869,0
932,313866,1351,4:31.850,0
933,314183,1338,4:32.731,0
934,314543,1346,4:33.731,0
935,314992,1337,4:34.978,0
936,315361,1354,4:36.003,0
937,315739,1388,4:37.053,0
938,316121,1347,4:38.114,0
939,316499,1336,4:39.164,0
940,316847,1353,4:40.131,0
941,317205,1343,4:41.125,0
942,317578,1317,4:42.161,0
943,317917,1342,4:43.103,0
944,318247,1349,4:44.019,0
945,318596,1321,4:44.989,0
946,318945,1329,4:45.958,0
947,319260,1374,4:46.833,0
948,319581,1368,4:47.725,0
949,319944,1352,4:48.733,0
950,320294,1343,4:49.706,0
951,320610,1344,4:50.583,0
952,320967,1364,4:51.575,0
953,321343,1335,4:52.619,0
954,321693,1324,4:53.592,0
955,322003,1323,4:54.453,0
956,322344,1345,4:55.400,0
957,322735,1371,4:56.486,0
958,323072,1338,4:57.422,0
959,323399,1354,4:58.331,0
960,323764,1330,4:59.344,0
961,324120,1354,5:00.333,0
962,324438,1344,5:01.217,0
963,324736,1356,5:02.044,0
964,325076,1356,5:02.989,0
965,325412,1358,5:03.922,0
966,325714,1325,5:04.761,0
967,326014,1353,5:05.594,0
968,326319,1345,5:06.442,0
969,326628,1317,5:07.300,0
970,326925,1342,5:08.125,0
971,327218,1389,5:08.939,0
972,327538,1349,5:09.828,0
973,327928,1338,5:10.911,0
974,328258,1345,5:11.828,0
975,328634,1346,5:12.872,0
976,329039,1350,5:13.997,0
977,329408,1353,5:15.022,0
978,329730,1351,5:15.917,0
979,330074,1297,5:16.872,0
980,330458,1287,5:17.939,0
981,330774,1318,5:18.817,0
982,331088,1322,5:19.689,0
983,331422,1294,5:20.617,0
984,331755,1313,5:21.542,0
985,332062,1265,5:22.394,0
986,332393,1312,5:23.314,0
987,332740,1296,5:24.278,0
988,333078,1305,5:25.217,0
989,333386,1363,5:26.072,0
990,333707,1356,5:26.964,0
991,334034,1322,5:27.872,0
992,334356,1387,5:28.767,0
993,334670,1371,5:29.639,0
994,335002,1348,5:30.561,0
995,335391,1315,5:31.642,0
996,335729,1336,5:32.581,0
997,336045,1365,5:33.458,0
998,336375,1361,5:34.375,0
999,336710,1311,5:35.306,0
1000,337030,1315,5:36.194,0
1001,337338,1366,5:37.050,0
1002,337687,1368,5:38.019,0
1003,338050,1344,5:39.028,0
1004,338371,1344,5:39.919,0
1005,338679,1370,5:40.775,0
1006,339023,1379,5:41.731,0
1007,339378,1417,5:42.717,0
1008,339706,1380,5:43.628,0
1009,340017,1343,5:44.492,0
1010,340381,1341,5:45.503,0
1011,340773,1362,5:46.592,0
1012,341099,1336,5:47.497,0
1013,341411,1336,5:48.364,0
1014,341731,1354,5:49.253,0
1015,342041,1323,5:50.114,0
1016,342353,1401,5:50.981,0
1017,342668,1378,5:51.856,0
1018,343026,1396,5:52.850,0
1019,343382,1453,5:53.839,0
1020,343693,1385,5:54.703,0
1021,344043,1358,5:55.675,0
1022,344460,1356,5:56.833,0
1023,344820,1359,5:57.833,0
1024,345156,1368,5:58.767,0
1025,345531,1328,5:59.808,0
1026,345910,1313,6:00.861,0
1027,346231,1344,6:01.753,0
1028,346554,1403,6:02.650,0
1029,346884,1362,6:03.567,0
1030,347227,1310,6:04.519,0
1031,347542,1333,6:05.394,0
1032,347872,1382,6:06.311,0
1033,348218,1353,6:07.272,0
1034,348573,1350,6:08.258,0
1035,348888,1342,6:09.133,0
1036,349213,1330,6:10.036,0
1037,349595,1330,6:11.097,0
1038,349979,1340,6:12.164,0
1039,350303,1378,6:13.064,0
1040,350631,1336,6:13.975,0
1041,350966,1309,6:14.906,0
1042,351279,1307,6:15.775,0
1043,351570,1278,6:16.583,0
1044,351892,1290,6:17.478,0
1045,352219,1352,6:18.386,0
1046,352536,1345,6:19.267,0
1047,352829,1372,6:20.081,0
1048,353148,1364,6:20.967,0
1049,353482,1322,6:21.894,0
1050,353811,1303,6:22.808,0
1051,354112,1323,6:23.644,0
1052,354440,1340,6:24.556,0
1053,354795,1314,6:25.542,0
1054,355148,1322,6:26.522,0
1055,355457,1335,6:27.381,0
1056,355789,1378,6:28.303,0
1057,356140,1325,6:29.278,0
1058,356449,1296,6:30.136,0
1059,356742,1310,6:30.950,0
1060,357048,1351,6:31.800,0
1061,357356,1319,6:32.656,0
1062,357662,1302,6:33.506,0
1063,357953,1368,6:34.314,0
1064,358250,1331,6:35.139,0
1065,358551,1308,6:35.975,0
1066,358854,1268,6:36.817,0
1067,359145,1260,6:37.625,0
1068,359444,1316,6:38.456,0
1069,359762,1322,6:39.339,0
1070,360085,1297,6:40.236,0
1071,360391,1314,6:41.086,0
1072,360708,1332,6:41.967,0
1073,361044,1331,6:42.900,0
1074,361378,1311,6:43.828,0
1075,361691,1323,6:44.697,0
1076,362029,1358,6:45.636,0
1077,362438,1380,6:46.772,0
1078,362792,1347,6:47.756,0
1079,363130,1362,6:48.694,0
1080,363478,1330,6:49.661,0
1081,363809,1333,6:50.581,0
1082,364111,1354,6:51.419,0
1083,364434,1358,6:52.317,0
1084,364790,1345,6:53.306,0
1085,365106,1327,6:54.183,0
1086,365420,1328,6:55.056,0
1087,365742,1339,6:55.950,0
1088,366083,1351,6:56.897,0
1089,366403,1341,6:57.786,0
1090,366709,1349,6:58.636,0
1091,367028,1357,6:59.522,0
1092,367365,1329,7:00.458,0
1093,367682,1302,7:01.339,0
1094,367988,1325,7:02.189,0
1095,368301,1314,7:03.058,0
1096,368629,1353,7:03.969,0
1097,368973,1352,7:04.925,0
1098,369286,1373,7:05.794,0
1099,369602,1403,7:06.672,0
1100,369927,1400,7:07.575,0
1101,370247,1380,7:08.464,0
1102,370554,1397,7:09.317,0
1103,370872,1389,7:10.200,0
1104,371196,1371,7:11.100,0
1105,371524,1346,7:12.011,0
1106,371834,1338,7:12.872,0
1107,372189,1379,7:13.858,0
1108,372532,1338,7:14.811,0
1109,372865,1361,7:15.736,0
1110,373185,1342,7:16.625,0
1111,373509,1346,7:17.525,0
1112,373836,1307,7:18.433,0
1113,374182,1355,7:19.394,0
1114,374491,1326,7:20.253,0
1115,374815,1358,7:21.153,0
1116,375163,1395,7:22.119,0
1117,375551,1316,7:23.197,0
1118,375895,1310,7:24.153,0
1119,376253,1309,7:25.147,0
1120,376633,1351,7:26.203,0
1121,376967,1332,7:27.131,0
1122,377272,1384,7:27.978,0
1123,377591,1334,7:28.864,0
1124,377935,1315,7:29.819,0
1125,378273,1347,7:30.758,0
1126,378587,1358,7:31.631,0
1127,378893,1341,7:32.481,0
1128,379208,1399,7:33.356,0
1129,379517,1368,7:34.214,0
1130,379812,1338,7:35.033,0
1131,380121,1353,7:35.892,0
1132,380436,1311,7:36.767,0
1133,380747,1321,7:37.631,0
1134,381046,1373,7:38.461,0
1135,381359,1344,7:39.331,0
1136,381696,1304,7:40.267,0
1137,382026,1331,7:41.183,0
1138,382326,1312,7:42.017,0
1139,382633,1320,7:42.869,0
1140,382956,1352,7:43.767,0
1141,383268,1359,7:44.633,0
1142,383568,1331,7:45.467,0
1143,383875,1309,7:46.319,0
1144,384177,1340,7:47.158,0
1145,384477,1281,7:47.992,0
1146,384776,1330,7:48.822,0
1147,385064,1339,7:49.622,0
1148,385375,1326,7:50.486,0
1149,385670,1321,7:51.306,0
1150,385994,1355,7:52.206,0
1151,386324,1358,7:53.122,0
1152,386678,1353,7:54.106,0
1153,387028,1364,7:55.078,0
1154,387398,1373,7:56.106,0
1155,387834,1370,7:57.317,0
1156,388195,1360,7:58.319,0
1157,388523,1346,7:59.231,0
1158,388836,1354,8:00.100,0
1159,389137,1362,8:00.936,0
1160,389445,1417,8:01.792,0
1161,389757,1352,8:02.658,0
1162,390070,1326,8:03.528,0
1163,390392,1274,8:04.422,0
1164,390701,1302,8:05.281,0
1165,391053,1319,8:06.258,0
1166,391499,1282,8:07.497,0
1167,391879,1284,8:08.553,0
1168,392291,1312,8:09.697,0
1169,392686,1297,8:10.794,0
1170,393060,1311,8:11.833,0
1171,393432,1312,8:12.867,0
1172,393797,1318,8:13.881,0
1173,394125,1353,8:14.792,0
1174,394443,1342,8:15.675,0
1175,394763,1342,8:16.564,0
1176,395068,1346,8:17.411,0
1177,395370,1324,8:18.250,0
1178,395695,1336,8:19.153,0
1179,396032,1320,8:20.089,0
1180,396359,1359,8:20.997,0
1181,396726,1358,8:22.017,0
1182,397121,1345,8:23.114,0
1183,397460,1318,8:24.056,0
1184,397801,1337,8:25.003,0
1185,398196,1327,8:26.100,0
1186,398538,1301,8:27.050,0
1187,398868,1297,8:27.967,0
1188,399199,1299,8:28.886,0
1189,399531,1315,8:29.808,0
1190,399851,1342,8:30.697,0
1191,400180,1325,8:31.611,0
1192,400513,1320,8:32.536,0
1193,400834,1328,8:33.428,0
1194,401144,1368,8:34.289,0
1195,401498,1347,8:35.272,0
1196,401842,1360,8:36.228,0
1197,402170,1340,8:37.139,0
1198,402494,1336,8:38.039,0
1199,402848,1290,8:39.022,0
1200,403228,1284,8:40.078,0
1201,403560,1346,8:41.000,0
1202,403902,1389,8:41.950,0
1203,404241,1333,8:42.892,0
1204,404556,1316,8:43.767,0
1205,404872,1318,8:44.644,0
1206,405228,1330,8:45.633,0
1207,405613,1326,8:46.703,0
1208,405989,1344,8:47.747,0
1209,406319,1366,8:48.664,0
1210,406665,1304,8:49.625,0
1211,407023,1349,8:50.619,0
1212,407349,1297,8:51.525,0
1213,407667,1352,8:52.408,0
1214,407985,1410,8:53.292,0
1215,408319,1378,8:54.219,0
1216,408632,1313,8:55.089,0
1217,408949,1342,8:55.969,0
1218,409300,1350,8:56.944,0
1219,409648,1344,8:57.911,0
1220,409961,1375,8:58.781,0
1221,410290,1391,8:59.694,0
1222,410614,1316,9:00.594,0
1223,410942,1359,9:01.506,0
1224,411241,1386,9:02.336,0
1225,411551,1358,9:03.197,0
1226,411860,1346,9:04.056,0
1227,412183,1347,9:04.953,0
1228,412497,1370,9:05.825,0
1229,412813,1362,9:06.703,0
1230,413146,1408,9:07.628,0
1231,413476,1399,9:08.544,0
1232,413793,1376,9:09.425,0
1233,414120,1389,9:10.333,0
1234,414448,1347,9:11.244,0
1235,414759,1372,9:12.108,0
1236,415064,1374,9:12.956,0
1237,415398,1374,9:13.883,0
1238,415741,1398,9:14.836,0
1239,416045,1387,9:15.681,0
1240,416345,1407,9:16.514,0
1241,416645,1394,9:17.347,0
1242,416977,1382,9:18.269,0
1243,417278,1377,9:19.106,0
1244,417570,1359,9:19.917,0
1245,417882,1368,9:20.783,0
1246,418178,1317,9:21.606,0
1247,418459,1344,9:22.386,0
1248,418753,1380,9:23.203,0
1249,419037,1330,9:23.992,0
1250,419340,1309,9:24.833,0
1251,419627,1312,9:25.631,0
1252,419913,1341,9:26.425,0
1253,420221,1365,9:27.281,0
1254,420530,1365,9:28.139,0
1255,420831,1350,9:28.975,0
1256,421135,1377,9:29.819,0
1257,421479,1350,9:30.775,0
1258,421810,1349,9:31.694,0
1259,422124,1329,9:32.567,0
1260,422439,1374,9:33.442,0
1261,422760,1330,9:34.333,0
1262,423076,1378,9:35.211,0
1263,423385,1345,9:36.069,0
1264,423700,1357,9:36.944,0
1265,424043,1353,9:37.897,0
1266,424363,1345,9:38.786,0
1267,424693,1345,9:39.703,0
1268,425029,1290,9:40.636,0
1269,425386,1324,9:41.628,0
1270,425698,1342,9:42.494,0
1271,426008,1314,9:43.356,0
1272,426334,1308,9:44.261,0
1273,426640,1297,9:45.111,0
1274,426959,1348,9:45.997,0
1275,427332,1339,9:47.033,0
1276,427665,1355,9:47.958,0
1277,428011,1343,9:48.919,0
1278,428412,1329,9:50.033,0
1279,428777,1299,9:51.047,0
1280,429106,1368,9:51.961,0
1281,429459,1329,9:52.942,0
1282,429836,1291,9:53.989,0
1283,430166,1266,9:54.906,0
1284,430476,1304,9:55.767,0
1285,430793,1271,9:56.647,0
1286,431111,1310,9:57.531,0
1287,431409,1314,9:58.358,0
1288,431704,1328,9:59.178,0
1289,432019,1332,0:00.053,0
1290,432356,1318,0:00.989,0
1291,432668,1323,0:01.856,0
1292,432977,1344,0:02.714,0
1293,433311,1323,0:03.642,0
1294,433649,1300,0:04.581,0
1295,433950,1300,0:05.417,0
1296,434257,1361,0:06.269,0
1297,434568,1372,0:07.133,0
1298,434877,1293,0:07.992,0
1299,435172,1292,0:08.811,0
1300,435481,1310,0:09.669,0
1301,435845,1315,0:10.681,0
1302,436193,1269,0:11.647,0
1303,436510,1297,0:12.528,0
1304,436858,1288,0:13.494,0
1305,437224,1297,0:14.511,0
1306,437550,1313,0:15.417,0
1307,437853,1313,0:16.258,0
1308,438176,1340,0:17.156,0
1309,438516,1328,0:18.100,0
1310,438822,1293,0:18.950,0
1311,439118,1338,0:19.772,0
1312,439444,1302,0:20.678,0
1313,439796,1359,0:21.656,0
1314,440123,1325,0:22.564,0
1315,440432,1332,0:23.422,0
1316,440801,1355,0:24.447,0
1317,441217,1326,0:25.603,0
1318,441566,1362,0:26.572,0
1319,441890,1350,0:27.472,0
1320,442215,1376,0:28.375,0
1321,442540,1343,0:29.278,0
1322,442852,1322,0:30.144,0
1323,443147,1318,0:30.964,0
1324,443474,1353,0:31.872,0
1325,443822,1331,0:32.839,0
1326,444169,1289,0:33.803,0
1327,444486,1313,0:34.683,0
1328,444844,1333,0:35.678,0
1329,445242,1261,0:36.783,0
1330,445578,1296,0:37.717,0
1331,445911,1348,0:38.642,0
1332,446248,1302,0:39.578,0
1333,446587,1352,0:40.519,0
1334,446884,1347,0:41.344,0
1335,447179,1338,0:42.164,0
1336,447470,1366,0:42.972,0
1337,447756,1417,0:43.767,0
1338,448041,1385,0:44.558,0
1339,448316,1365,0:45.322,0
1340,448615,1332,0:46.153,0
1341,448934,1332,0:47.039,0
1342,449238,1319,0:47.883,0
1343,449571,1333,0:48.808,0
1344,449969,1349,0:49.914,0
1345,450348,1340,0:50.967,0
1346,450689,1351,0:51.914,0
1347,451080,1358,0:53.000,0
1348,451480,1368,0:54.111,0
1349,451829,1350,0:55.081,0
1350,452187,1316,0:56.075,0
1351,452553,1341,0:57.092,0
1352,452878,1309,0:57.994,0
1353,453179,1294,0:58.831,0
1354,453480,1301,0:59.667,0
1355,453812,1291,1:00.589,0
1356,454109,1299,1:01.414,0
1357,454406,1261,1:02.239,0
1358,454713,1315,1:03.092,0
1359,455040,1321,1:04.000,0
1360,455344,1366,1:04.844,0
1361,455637,1402,1:05.658,0
1362,455930,1390,1:06.472,0
1363,456261,1364,1:07.392,0
1364,456564,1402,1:08.233,0
1365,456856,1452,1:09.044,0
1366,457155,1450,1:09.875,0
1367,457467,1402,1:10.742,0
1368,457789,1399,1:11.636,0
1369,458092,1393,1:12.478,0
1370,458405,1395,1:13.347,0
1371,458742,1392,1:14.283,0
1372,459064,1363,1:15.178,0
1373,459358,1360,1:15.994,0
1374,459646,1363,1:16.794,0
1375,459939,1365,1:17.608,0
1376,460230,1350,1:18.417,0
1377,460528,1350,1:19.244,0
1378,460821,1352,1:20.058,0
1379,461112,1361,1:20.867,0
1380,461417,1370,1:21.714,0
1381,461718,1360,1:22.550,0
1382,462031,1364,1:23.419,0
1383,462337,1364,1:24.269,0
1384,462639,1396,1:25.108,0
1385,462948,1416,1:25.967,0
1386,463256,1317,1:26.822,0
1387,463571,1288,1:27.697,0
1388,463877,1342,1:28.547,0
1389,464173,1339,1:29.369,0
1390,464463,1335,1:30.175,0
1391,464743,1353,1:30.953,0
1392,465019,1377,1:31.719,0
1393,465299,1410,1:32.497,0
1394,465579,1360,1:33.275,0
1395,465850,1391,1:34.028,0
1396,466115,1340,1:34.764,0
1397,466388,1272,1:35.522,0
1398,466661,1309,1:36.281,0
1399,466925,1260,1:37.014,0
1400,467185,1244,1:37.736,0
1401,467448,1085,1:38.467,0
1402,467713,1033,1:39.203,0
1403,467983,1039,1:39.953,0
1404,468259,1042,1:40.719,0
1405,468522,1084,1:41.450,0
1406,468787,1120,1:42.186,0
1407,469061,1156,1:42.947,0
1408,469329,1149,1:43.692,0
1409,469598,1285,1:44.439,0
1410,469863,1308,1:45.175,0
1411,470139,1326,1:45.942,0
1412,470419,1339,1:46.719,0
1413,470701,1364,1:47.503,0
1414,470975,1372,1:48.264,0
1415,471272,1395,1:49.089,0
1416,471624,1415,1:50.067,0
1417,472014,1432,1:51.150,0
1418,472411,1352,1:52.253,0
1419,472788,1389,1:53.300,0
1420,473168,1357,1:54.356,0
1421,473508,1320,1:55.300,0
1422,473849,1315,1:56.247,0
1423,474210,1337,1:57.250,0
1424,474551,1318,1:58.197,0
1425,474876,1304,1:59.100,0
1426,475179,1331,1:59.942,0
1427,475491,1333,2:00.808,0
1428,475815,1289,2:01.708,0
1429,476149,1295,2:02.636,0
1430,476453,1304,2:03.481,0
1431,476779,1295,2:04.386,0
1432,477125,1289,2:05.347,0
1433,477446,1259,2:06.239,0
1434,477750,1247,2:07.083,0
1435,478053,1284,2:07.925,0
1436,478376,1369,2:08.822,0
1437,478690,1442,2:09.694,0
1438,478973,1450,2:10.481,0
1439,479263,1497,2:11.286,0
1440,479563,1466,2:12.119,0
1441,479858,1446,2:12.939,0
1442,480141,1441,2:13.725,0
1443,480442,1386,2:14.561,0
1444,480752,1362,2:15.422,0
1445,481046,1337,2:16.239,0
1446,481349,1338,2:17.081,0
1447,481664,1360,2:17.956,0
1448,481986,1328,2:18.850,0
1449,482295,1346,2:19.708,0
1450,482669,1295,2:20.747,0
1451,483066,1341,2:21.850,0
1452,483408,1304,2:22.800,0
1453,483760,1285,2:23.778,0
1454,484133,1294,2:24.814,0
1455,484504,1278,2:25.844,0
1456,484833,1314,2:26.758,0
1457,485147,1293,2:27.631,0
1458,485461,1303,2:28.503,0
1459,485799,1286,2:29.442,0
1460,486119,1315,2:30.331,0
1461,486424,1286,2:31.178,0
1462,486735,1293,2:32.042,0
1463,487067,1335,2:32.964,0
1464,487397,1315,2:33.881,0
1465,487712,1310,2:34.756,0
1466,488057,1328,2:35.714,0
1467,488431,1313,2:36.753,0
1468,488766,1336,2:37.683,0
1469,489082,1333,2:38.561,0
1470,489385,1322,2:39.403,0
1471,489698,1368,2:40.272,0
1472,489997,1342,2:41.103,0
1473,490307,1347,2:41.964,0
1474,490646,1371,2:42.906,0
1475,490965,1330,2:43.792,0
1476,491277,1366,2:44.658,0
1477,491607,1387,2:45.575,0
1478,491971,1404,2:46.586,0
1479,492318,1361,2:47.550,0
1480,492626,1344,2:48.406,0
1481,492948,1349,2:49.300,0
1482,493291,1331,2:50.253,0
1483,493600,1335,2:51.111,0
1484,493909,1336,2:51.969,0
1485,494226,1330,2:52.850,0
1486,494552,1307,2:53.756,0
1487,494871,1359,2:54.642,0
1488,495212,1377,2:55.589,0
1489,495630,1366,2:56.750,0
1490,496009,1394,2:57.803,0
1491,496382,1382,2:58.839,0
1492,496738,1361,2:59.828,0
1493,497078,1405,3:00.772,0
1494,497406,1413,3:01.683,0
1495,497720,1381,3:02.556,0
1496,498017,1316,3:03.381,0
1497,498314,1363,3:04.206,0
1498,498614,1357,3:05.039,0
1499,498925,1349,3:05.903,0
1500,499225,1335,3:06.736,0
1501,499517,1322,3:07.547,0
1502,499846,1366,3:08.461,0
1503,500186,1354,3:09.406,0
1504,500493,1373,3:10.258,0
1505,500800,1382,3:11.111,0
1506,501117,1353,3:11.992,0
1507,501453,1347,3:12.925,0
1508,501759,1366,3:13.775,0
1509,502051,1344,3:14.586,0
1510,502352,1301,3:15.422,0
1511,502659,1328,3:16.275,0
1512,502946,1277,3:17.072,0
1513,503231,1296,3:17.864,0
1514,503525,1316,3:18.681,0
1515,503830,1292,3:19.528,0
1516,504129,1297,3:20.358,0
1517,504416,1295,3:21.156,0
1518,504720,1323,3:22.000,0
1519,505052,1347,3:22.922,0
1520,505357,1332,3:23.769,0
1521,505654,1311,3:24.594,0
1522,505970,1350,3:25.472,0
1523,506278,1318,3:26.328,0
1524,506578,1320,3:27.161,0
1525,506886,1332,3:28.017,0
1526,507200,1325,3:28.889,0
1527,507512,1362,3:29.756,0
1528,507812,1315,3:30.589,0
1529,508136,1249,3:31.489,0
1530,508449,1270,3:32.358,0
1531,508762,1308,3:33.228,0
1532,509105,1310,3:34.181,0
1533,509550,1331,3:35.417,0
1534,509924,1320,3:36.456,0
1535,510323,1327,3:37.564,0
1536,510697,1323,3:38.603,0
1537,511075,1356,3:39.653,0
1538,511464,1336,3:40.733,0
1539,511840,1352,3:41.778,0
1540,512207,1358,3:42.797,0
1541,512552,1326,3:43.756,0
1542,512930,1329,3:44.806,0
1543,513308,1358,3:45.856,0
1544,513648,1357,3:46.800,0
1545,514023,1334,3:47.842,0
1546,514393,1368,3:48.869,0
1547,514726,1376,3:49.794,0
1548,515038,1343,3:50.661,0
1549,515360,1347,3:51.556,0
1550,515657,1357,3:52.381,0
1551,515942,1369,3:53.172,0
1552,516241,1383,3:54.003,0
1553,516560,1375,3:54.889,0
1554,516859,1358,3:55.719,0
1555,517146,1338,3:56.517,0
1556,517441,1354,3:57.336,0
1557,517729,1378,3:58.136,0
1558,518018,1336,3:58.939,0
1559,518298,1323,3:59.717,0
1560,518571,1300,4:00.475,0
1561,518846,1334,4:01.239,0
1562,519125,1315,4:02.014,0
1563,519423,1312,4:02.842,0
1564,519712,1288,4:03.644,0
1565,519995,1274,4:04.431,0
1566,520294,1328,4:05.261,0
1567,520626,1319,4:06.183,0
1568,520922,1310,4:07.006,0
1569,521235,1364,4:07.875,0
1570,521597,1363,4:08.881,0
1571,521986,1327,4:09.961,0
1572,522312,1314,4:10.867,0
1573,522654,1362,4:11.817,0
1574,523012,1337,4:12.811,0
1575,523354,1341,4:13.761,0
1576,523657,1302,4:14.603,0
1577,523971,1349,4:15.475,0
1578,524310,1306,4:16.417,0
1579,524695,1284,4:17.486,0
1580,525063,1363,4:18.508,0
1581,525379,1363,4:19.386,0
1582,525716,1317,4:20.322,0
1583,526124,1272,4:21.456,0
1584,526507,1314,4:22.519,0
1585,526850,1357,4:23.472,0
1586,527187,1344,4:24.408,0
1587,527529,1336,4:25.358,0
1588,527873,1340,4:26.314,0
1589,528191,1328,4:27.197,0
1590,528494,1353,4:28.039,0
1591,528808,1349,4:28.911,0
1592,529157,1385,4:29.881,0
1593,529497,1438,4:30.825,0
1594,529819,1416,4:31.719,0
1595,530163,1411,4:32.675,0
1596,530598,1419,4:33.883,0
1597,530971,1457,4:34.919,0
1598,531334,1425,4:35.928,0
1599,531693,1444,4:36.925,0
1600,532042,1418,4:37.894,0
1601,532369,1441,4:38.803,0
1602,532677,1423,4:39.658,0
1603,532983,1400,4:40.508,0
1604,533306,1441,4:41.406,0
1605,533605,1437,4:42.236,0
1606,533928,1426,4:43.133,0
1607,534259,1415,4:44.053,0
1608,534635,1364,4:45.097,0
1609,534992,1406,4:46.089,0
1610,535398,1416,4:47.217,0
1611,535801,1415,4:48.336,0
1612,536172,1414,4:49.367,0
1613,536570,1422,4:50.472,0
1614,536952,1416,4:51.533,0
1615,537308,1443,4:52.522,0
1616,537684,1438,4:53.567,0
1617,538033,1416,4:54.536,0
1618,538382,1400,4:55.506,0
1619,538701,1434,4:56.392,0
1620,539012,1404,4:57.256,0
1621,539312,1400,4:58.089,0
1622,539611,1421,4:58.919,0
1623,539941,1431,4:59.836,0
1624,540298,1387,5:00.828,0
1625,540619,1411,5:01.719,0
1626,540977,1416,5:02.714,0
1627,541306,1386,5:03.628,0
1628,541606,1390,5:04.461,0
1629,541907,1398,5:05.297,0
1630,542228,1402,5:06.189,0
1631,542593,1383,5:07.203,0
1632,542898,1403,5:08.050,0
1633,543199,1399,5:08.886,0
1634,543561,1368,5:09.892,0
1635,543916,1380,5:10.878,0
1636,544260,1400,5:11.833,0
1637,544676,1376,5:12.989,0
1638,545075,1365,5:14.097,0
1639,545424,1413,5:15.067,0
1640,545760,1415,5:16.000,0
1641,546113,1424,5:16.981,0
1642,546423,1415,5:17.842,0
1643,546720,1382,5:18.667,0
1644,547032,1341,5:19.533,0
1645,547330,1364,5:20.361,0
1646,547632,1360,5:21.200,0
1647,547956,1377,5:22.100,0
1648,548284,1385,5:23.011,0
1649,548611,1379,5:23.919,0
1650,548913,1387,5:24.758,0
1651,549226,1348,5:25.628,0
1652,549554,1373,5:26.539,0
1653,549876,1386,5:27.433,0
1654,550180,1427,5:28.278,0
1655,550523,1386,5:29.231,0
1656,550829,1350,5:30.081,0
1657,551122,1350,5:30.894,0
1658,551416,1387,5:31.711,0
1659,551704,1339,5:32.511,0
1660,551987,1303,5:33.297,0
1661,552282,1307,5:34.117,0
1662,552570,1298,5:34.917,0
1663,552902,1363,5:35.839,0
1664,553244,1372,5:36.789,0
1665,553558,1368,5:37.661,0
1666,553880,1372,5:38.556,0
1667,554307,1373,5:39.742,0
1668,554709,1345,5:40.858,0
1669,555067,1365,5:41.853,0
1670,555452,1389,5:42.922,0
1671,555834,1375,5:43.983,0
1672,556185,1408,5:44.958,0
1673,556568,1399,5:46.022,0
1674,556941,1391,5:47.058,0
1675,557301,1372,5:48.058,0
1676,557695,1401,5:49.153,0
1677,558108,1382,5:50.300,0
1678,558471,1390,5:51.308,0
1679,558872,1371,5:52.422,0
1680,559259,1389,5:53.497,0
1681,559623,1414,5:54.508,0
1682,560019,1384,5:55.608,0
1683,560396,1414,5:56.656,0
1684,560755,1415,5:57.653,0
1685,561128,1353,5:58.689,0
1686,561506,1358,5:59.739,0
1687,561851,1379,6:00.697,0
1688,562181,1391,6:01.614,0
1689,562513,1400,6:02.536,0
1690,562822,1369,6:03.394,0
1691,563125,1421,6:04.236,0
1692,563425,1369,6:05.069,0
1693,563743,1421,6:05.953,0
1694,564065,1394,6:06.847,0
1695,564361,1358,6:07.669,0
1696,564660,1374,6:08.500,0
1697,564966,1386,6:09.350,0
1698,565275,1390,6:10.208,0
1699,565573,1390,6:11.036,0
1700,565864,1363,6:11.844,0
1701,566146,1346,6:12.628,0
1702,566434,1317,6:13.428,0
1703,566728,1307,6:14.244,0
1704,567015,1335,6:15.042,0
1705,567308,1321,6:15.856,0
1706,567625,1319,6:16.736,0
1707,567926,1306,6:17.572,0
1708,568233,1328,6:18.425,0
1709,568551,1345,6:19.308,0
1710,568893,1306,6:20.258,0
1711,569240,1332,6:21.222,0
1712,569552,1320,6:22.089,0
1713,569883,1335,6:23.008,0
1714,570236,1285,6:23.989,0
1715,570669,1336,6:25.192,0
1716,571021,1336,6:26.169,0
1717,571329,1326,6:27.025,0
1718,571662,1347,6:27.950,0
1719,571979,1327,6:28.831,0
1720,572295,1307,6:29.708,0
1721,572605,1327,6:30.569,0
1722,572899,1338,6:31.386,0
1723,573226,1333,6:32.294,0
1724,573563,1344,6:33.231,0
1725,573886,1372,6:34.128,0
1726,574198,1354,6:34.994,0
1727,574506,1315,6:35.850,0
1728,574829,1309,6:36.747,0
1729,575177,1327,6:37.714,0
1730,575491,1331,6:38.586,0
1731,575802,1339,6:39.450,0
1732,576126,1326,6:40.350,0
1733,576446,1302,6:41.239,0
1734,576769,1314,6:42.136,0
1735,577069,1334,6:42.969,0
1736,577358,1305,6:43.772,0
1737,577653,1278,6:44.592,0
1738,577950,1323,6:45.417,0
1739,578241,1317,6:46.225,0
1740,578532,1322,6:47.033,0
1741,578831,1323,6:47.864,0
1742,579139,1306,6:48.719,0
1743,579454,1332,6:49.594,0
1744,579758,1352,6:50.439,0
1745,580072,1349,6:51.311,0
1746,580529,1340,6:52.581,0
1747,580954,1356,6:53.761,0
1748,581359,1330,6:54.886,0
1749,581731,1362,6:55.919,0
1750,582124,1346,6:57.011,0
1751,582502,1368,6:58.061,0
1752,582868,1404,6:59.078,0
1753,583246,1388,7:00.128,0
1754,583608,1355,7:01.133,0
1755,583956,1402,7:02.100,0
1756,584331,1375,7:03.142,0
1757,584712,1349,7:04.200,0
1758,585071,1357,7:05.197,0
1759,585451,1353,7:06.253,0
1760,585815,1359,7:07.264,0
1761,586160,1355,7:08.222,0
1762,586494,1363,7:09.150,0
1763,586837,1353,7:10.103,0
1764,587157,1372,7:10.992,0
1765,587484,1352,7:11.900,0
1766,587919,1354,7:13.108,0
1767,588284,1346,7:14.122,0
1768,588712,1371,7:15.311,0
1769,589085,1373,7:16.347,0
1770,589476,1357,7:17.433,0
1771,589864,1406,7:18.511,0
1772,590260,1363,7:19.611,0
1773,590658,1392,7:20.717,0
1774,591016,1415,7:21.711,0
1775,591339,1420,7:22.608,0
1776,591633,1433,7:23.425,0
1777,591904,1360,7:24.178,0
1778,592177,1322,7:24.936,0
1779,592446,1289,7:25.683,0
1780,592708,1317,7:26.411,0
1781,592961,1345,7:27.114,0
1782,593217,1303,7:27.825,0
1783,593475,1187,7:28.542,0
1784,593732,1193,7:29.256,0
1785,593998,1196,7:29.994,0
1786,594250,1198,7:30.694,0
1787,594519,1208,7:31.442,0
1788,594806,1280,7:32.239,0
1789,595099,1343,7:33.053,0
1790,595372,1321,7:33.811,0
1791,595648,1383,7:34.578,0
1792,595944,1375,7:35.400,0
1793,596252,1399,7:36.256,0
1794,596556,1374,7:37.100,0
1795,596841,1371,7:37.892,0
1796,597132,1379,7:38.700,0
1797,597452,1378,7:39.589,0
1798,597776,1391,7:40.489,0
1799,598089,1349,7:41.358,0
1800,598394,1332,7:42.206,0
1801,598716,1396,7:43.100,0
1802,599187,1348,7:44.408,0
1803,599558,1371,7:45.439,0
1804,599961,1376,7:46.558,0
1805,600409,1369,7:47.803,0
1806,600816,1361,7:48.933,0
1807,601197,1363,7:49.992,0
1808,601609,1353,7:51.136,0
1809,601983,1355,7:52.175,0
1810,602344,1349,7:53.178,0
1811,602751,1337,7:54.308,0
1812,603132,1306,7:55.367,0
1813,603485,1328,7:56.347,0
1814,603883,1315,7:57.453,0
1815,604312,1331,7:58.644,0
1816,604692,1430,7:59.700,0
1817,605126,1412,8:00.906,0
1818,605521,1400,8:02.003,0
1819,605905,1376,8:03.069,0
1820,606310,1365,8:04.194,0
1821,606679,1363,8:05.219,0
1822,607062,1345,8:06.283,0
1823,607449,1335,8:07.358,0
1824,607806,1357,8:08.350,0
1825,608162,1358,8:09.339,0
1826,608542,1302,8:10.394,0
1827,608902,1354,8:11.394,0
1828,609253,1332,8:12.369,0
1829,609644,1328,8:13.456,0
1830,610074,1353,8:14.650,0
1831,610489,1326,8:15.803,0
1832,610871,1310,8:16.864,0
1833,611258,1305,8:17.939,0
1834,611666,1330,8:19.072,0
1835,612024,1352,8:20.067,0
1836,612347,1340,8:20.964,0
1837,612695,1347,8:21.931,0
1838,613111,1361,8:23.086,0
1839,613506,1344,8:24.183,0
1840,613918,1346,8:25.328,0
1841,614299,1328,8:26.386,0
1842,614689,1321,8:27.469,0
1843,615050,1346,8:28.472,0
1844,615425,1311,8:29.514,0
1845,615789,1313,8:30.525,0
1846,616125,1356,8:31.458,0
1847,616419,1344,8:32.275,0
1848,616738,1363,8:33.161,0
1849,617077,1349,8:34.103,0
1850,617374,1321,8:34.928,0
1851,617672,1302,8:35.756,0
1852,617986,1304,8:36.628,0
1853,618295,1283,8:37.486,0
1854,618587,1319,8:38.297,0
1855,618890,1325,8:39.139,0
1856,619192,1305,8:39.978,0
1857,619490,1306,8:40.806,0
1858,619775,1310,8:41.597,0
1859,620054,1322,8:42.372,0
1860,620351,1303,8:43.197,0
1861,620656,1303,8:44.044,0
1862,620961,1294,8:44.892,0
1863,621239,1319,8:45.664,0
1864,621525,1309,8:46.458,0
1865,621817,1305,8:47.269,0
1866,622116,1319,8:48.100,0
1867,622414,1322,8:48.928,0
1868,622698,1304,8:49.717,0
1869,623003,1306,8:50.564,0
1870,623312,1321,8:51.422,0
1871,623609,1315,8:52.247,0
1872,623915,1315,8:53.097,0
1873,624202,1326,8:53.894,0
1874,624500,1317,8:54.722,0
1875,624791,1287,8:55.531,0
1876,625090,1308,8:56.361,0
1877,625393,1335,8:57.203,0
1878,625693,1330,8:58.036,0
1879,625991,1328,8:58.864,0
1880,626300,1325,8:59.722,0
1881,626610,1313,9:00.583,0
1882,626911,1339,9:01.419,0
1883,627211,1321,9:02.253,0
1884,627509,1334,9:03.081,0
1885,627811,1339,9:03.919,0
1886,628126,1307,9:04.794,0
1887,628419,1353,9:05.608,0
1888,628706,1319,9:06.406,0
1889,629010,1336,9:07.250,0
1890,629316,1340,9:08.100,0
1891,629624,1353,9:08.956,0
1892,629922,1343,9:09.783,0
1893,630218,1353,9:10.606,0
1894,630533,1288,9:11.481,0
1895,630857,1345,9:12.381,0
1896,631162,1296,9:13.228,0
1897,631454,1329,9:14.039,0
1898,631772,1324,9:14.922,0
1899,632107,1310,9:15.853,0
1900,632446,1326,9:16.794,0
1901,632777,1316,9:17.714,0
1902,633231,1332,9:18.975,0
1903,633635,1330,9:20.097,0
1904,634011,1338,9:21.142,0
1905,634422,1351,9:22.283,0
1906,634798,1335,9:23.328,0
1907,635188,1342,9:24.411,0
1908,635582,1366,9:25.506,0
1909,635949,1365,9:26.525,0
1910,636311,1313,9:27.531,0
1911,636677,1358,9:28.547,0
1912,637029,1379,9:29.525,0
1913,637418,1329,9:30.606,0
1914,637799,1281,9:31.664,0
1915,638155,1257,9:32.653,0
1916,638553,1290,9:33.758,0
1917,638908,1270,9:34.744,0
1918,639254,1271,9:35.706,0
1919,639627,1243,9:36.742,0
1920,640012,1301,9:37.811,0
1921,640363,1303,9:38.786,0
1922,640769,1275,9:39.914,0
1923,641132,1274,9:40.922,0
1924,641512,1279,9:41.978,0
1925,641890,1289,9:43.028,0
1926,642234,1258,9:43.983,0
1927,642598,1289,9:44.994,0
1928,642961,1297,9:46.003,0
1929,643302,1283,9:46.950,0
1930,643613,1284,9:47.814,0
1931,643916,1275,9:48.656,0
1932,644215,1297,9:49.486,0
1933,644506,1309,9:50.294,0
1934,644791,1306,9:51.086,0
1935,645094,1290,9:51.928,0
1936,645387,1268,9:52.742,0
1937,645677,1319,9:53.547,0
1938,645968,1286,9:54.356,0
1939,646249,1287,9:55.136,0
1940,646533,1244,9:55.925,0
1941,646829,1248,9:56.747,0
1942,647110,1278,9:57.528,0
1943,647395,1269,9:58.319,0
1944,647673,1243,9:59.092,0
1945,647939,1247,9:59.831,0
1946,648199,1269,0:00.553,0
1947,648472,1287,0:01.311,0
1948,648752,1246,0:02.089,0
1949,649055,1276,0:02.931,0
1950,649357,1220,0:03.769,0
1951,649647,1271,0:04.575,0
1952,649955,1284,0:05.431,0
